Scientific,Common,SpeciesVal 
Abies balsamea,balsam fir,15
Acer,maples,3
Acer × freemanii,Freeman's Maple,5
Acer ginnala,Amur Maple,4
Acer negundo,boxelder maple,13
Acer pensylvanicum,striped maple,3
Acer platanoides,Norway maple,3
Acer rubrum,red maple,8
Acer saccharinum,silver maple,8
Acer saccharum,sugar maple,15
Acer spicatum,Mountain Maple,4
Achillea,yarrows,3
Achillea millefolium,common yarrow,20
Acorus americanus,sweetflag,2
Acorus calamus,sweet-flag,1
Actaea,baneberries and cohoshes,2
Actaea pachypoda,white baneberry,6
Actaea rubra,red baneberry,13
Actaea rubra rubra,red baneberry,1
Adiantum pedatum,northern maidenhair fern,7
Aegopodium podagraria,Goutweed,2
Aesculus glabra,Ohio buckeye,1
Aesculus hippocastanum,Horse-chestnut,3
Agalinis,false foxgloves,1
Agalinis purpurea,purple false foxglove,1
Ageratina altissima,white snakeroot,1
Agrimonia,agrimonies,4
Agrimonia gryposepala,tall hairy agrimony,1
Agrimonia striata,roadside agrimony,2
Ajuga reptans,carpet bugle,2
Alisma,water plantain,2
Alisma subcordatum,American water plantain,1
Alliaria petiolata,garlic mustard,5
Allium schoenoprasum,Chives,1
Allium tricoccum tricoccum,wide leek,1
Alnus,alders,2
Alnus incana,grey alder,7
Alnus incana rugosa,swamp alder,3
Alsineae,,2
Amaranthus,amaranths,2
Amaranthus retroflexus,Redroot Pigweed,1
Amblystegiaceae,,1
Ambrosia artemisiifolia,common ragweed,11
Ambrosia trifida,giant ragweed,2
Amelanchier,serviceberries,4
Amelanchier alnifolia,Saskatoon,1
Amelanchier arborea,common serviceberry,3
Amelanchier canadensis,Canadian serviceberry,1
Amelanchier spicata,Dwarf Serviceberry,2
Amphicarpaea bracteata,American hog-peanut,2
Amygdaloideae,,1
Anaphalis margaritacea,pearly everlasting,2
Andromeda polifolia,Wild Rosemary,3
Andromeda polifolia glaucophylla,bog rosemary,2
Andropogon gerardii,big bluestem,1
Anemonastrum,,1
Anemonastrum canadense,meadow anemone,6
Anemone,Thimbleweeds, anemones, and windflowers,3
Anemone virginiana,tall thimbleweed,9
Anemoneae,,1
Anemonoides quinquefolia,wood anemone,1
Angelica sylvestris,Wild Angelica,1
Angiospermae,flowering plants,17
Antennaria,pussytoes,2
Antennaria howellii,Small Pussytoes,2
Antennaria neglecta,Field Pussytoes,6
Anthemideae,Chamomiles, yarrows, and allies,1
Anticlea elegans,mountain deathcamas,2
Apiaceae,carrot family,1
Apocynum,dogbanes,2
Apocynum androsaemifolium,spreading dogbane,10
Aquilegia canadensis,red columbine,19
Aquilegia vulgaris,common columbine,2
Arabis hirsuta,Hairy Rockcress,1
Aralia nudicaulis,wild sarsaparilla,8
Aralia racemosa,American spikenard,2
Arctium,burdocks,11
Arctium lappa,greater burdock,2
Arctium minus,lesser burdock,2
Arctostaphylos uva-ursi,bearberry,4
Arenaria serpyllifolia,Thyme-leaved Sandwort,3
Arisaema triphyllum,Jack-in-the-pulpit,6
Aronia melanocarpa,black chokeberry,8
Artemisia ludoviciana,silver wormwood,1
Artemisia vulgaris,common mugwort,1
Asarum canadense,Canadian wild ginger,4
Asclepias,milkweeds,1
Asclepias incarnata,swamp milkweed,13
Asclepias incarnata incarnata,swamp milkweed,2
Asclepias syriaca,common milkweed,29
Asclepias tuberosa,butterfly milkweed,3
Asparagus officinalis,wild asparagus,2
Aster,asters,2
Asteraceae,sunflowers, daisies, asters, and allies,2
Astereae,asters and allies,7
Astragalus,milkvetches,1
Astragalus canadensis,Canadian milkvetch,1
Astragalus neglectus,Cooper's Milkvetch,2
Athyrium,lady ferns,1
Athyrium filix-femina,lady fern,7
Atriplex,Saltbushes,1
Baileya multiradiata,desert marigold,1
Barbarea vulgaris,bitter wintercress,2
Berberis thunbergii,Japanese barberry,1
Berberis vulgaris,European barberry,6
Betula,birches,3
Betula alleghaniensis,yellow birch,8
Betula nigra,river birch,1
Betula papyrifera,paper birch,14
Betula populifolia,gray birch,2
Betula pumila,Swamp Birch,5
Betulaceae,birch family,2
Bidens,Bur Marigolds,5
Bidens cernua,Nodding Beggarticks,4
Bidens connata,beggar ticks,1
Bidens frondosa,devil's beggarticks,3
Boechera laevigata,Smooth Rockcress,1
Boehmeria cylindrica,false nettle,2
Brasenia schreberi,Watershield,2
Brassica,cabbages and mustards,1
Brassicaceae,mustard family,5
Brassiceae,,1
Bromus,bromes,1
Bromus ciliatus,Fringed Brome,2
Bromus inermis,smooth brome,5
Bromus kalmii,Prairie Brome,2
Bryophyta,mosses,13
Bryopsida,true mosses,4
Calamagrostis canadensis,canadian bluejoint,3
Calla palustris,wild calla,6
Calopogon tuberosus,Tuberous Grasspink,2
Caltha palustris,marsh marigold,12
Calystegia macrostegia,coast morning glory,1
Campanula,bellflowers,4
Campanula aparinoides,Marsh Bellflower,2
Campanula glomerata,clustered bellflower,1
Campanula persicifolia,Peach-leaved Bellflower,1
Campanula rapunculoides,Creeping Bellflower,4
Campanula rotundifolia,Harebell,15
Campanulaceae,bellflower family,1
Capnoides sempervirens,Rock Harlequin,8
Caprifoliaceae,honeysuckle family,1
Caprifolioideae,,2
Cardamine,bittercresses,1
Cardamine diphylla,Two-leaved Toothwort,5
Carduinae,,2
Carduoideae,,1
Carduus,plumeless thistles,1
Carduus nutans,musk thistle,3
Carex,true sedges,17
Carex albursina,White Bear Sedge,1
Carex arctata,drooping woodland sedge,1
Carex aurea,Golden Sedge,1
Carex brevior,Shortbeak Sedge,1
Carex cephaloidea,thin-leaved sedge,2
Carex comosa,bristly sedge,2
Carex crawei,Crawe's sedge,4
Carex deweyana,Dewey's sedge,1
Carex deweyana deweyana,Short-scale Sedge,1
Carex eburnea,ebony sedge,1
Carex flava,yellow-green sedge,1
Carex gynandra,nodding sedge,1
Carex hitchcockiana,Hitchcock's Sedge,1
Carex hystericina,bottlebrush sedge,3
Carex intumescens,bladder sedge,3
Carex lacustris,lake sedge,3
Carex leptalea,bristle-stalked sedge,1
Carex limosa,mud sedge,2
Carex lupulina,hop sedge,2
Carex lurida,sallow sedge,1
Carex magellanica,Tall Bog-sedge,2
Carex merritt-fernaldii,Merritt Fernald's sedge,2
Carex muehlenbergii,Muhlenberg's Sedge,1
Carex nigra,smooth black sedge,1
Carex peckii,Peck's sedge,1
Carex pedunculata,long-stalked sedge,4
Carex pellita,woolly sedge,2
Carex pensylvanica,Pennsylvania sedge,2
Carex platyphylla,broad-leaved sedge,1
Carex prairea,prairie sedge,2
Carex retrorsa,retrorse sedge,2
Carex richardsonii,Richardson's Sedge,5
Carex rosea,rosy sedge,1
Carex sartwellii,Sartwell's sedge,2
Carex scabrata,eastern rough sedge,1
Carex scoparia,pointed broom sedge,1
Carex siccata,dry land sedge,1
Carex sparganioides,bur reed sedge,2
Carex sprengelii,longbeak sedge,1
Carex stipata,Awl-fruited Sedge,1
Carex tonsa,shaved sedge,1
Carex tonsa rugosperma,Umbel-like Sedge,2
Carex tuckermanii,Tuckerman's sedge,1
Carex utriculata,Northwest Territory sedge,1
Carex vesicaria,inflated sedge,1
Carex vulpinoidea,fox sedge,2
Carpinus caroliniana,American hornbeam,4
Carya cordiformis,bitternut hickory,4
Castilleja coccinea,Scarlet Indian-paintbrush,17
Catalpa speciosa,northern catalpa,4
Caulophyllum,,2
Caulophyllum giganteum,early blue cohosh,1
Caulophyllum thalictroides,blue cohosh,2
Ceanothus americanus,New Jersey tea,1
Ceanothus herbaceus,inland ceanothus,1
Celtis occidentalis,common hackberry,3
Centaurea × moncktonii,Monckton's Knapweed,1
Centaurea jacea,Brown Knapweed,2
Centaurea stoebe,spotted knapweed,1
Cephalanthus occidentalis,buttonbush,5
Cerastium,,2
Cerastium arvense,field chickweed,21
Cerastium arvense arvense,Field Mouse-ear,1
Cerastium fontanum,Common Mouse-ear Chickweed,1
Ceratodon purpureus,Redshank,1
Ceratophyllum demersum,coontail,3
Cercidiphyllum japonicum,katsura tree,1
Cercis,redbuds,1
Cercis canadensis,eastern redbud,1
Chaenorhinum minus,dwarf snapdragon,1
Chamaedaphne calyculata,leatherleaf,8
Chamaenerion,fireweeds,1
Chamaenerion angustifolium,fireweed,3
Chelone glabra,white turtlehead,6
Chenopodium album,Common Lamb's-quarters,3
Chimaphila umbellata,pipsissewa,1
Chlorophyta,green algae,2
Cichorieae,,4
Cichorium,chicories and endives,1
Cichorium intybus,chicory,16
Cicuta bulbifera,bulblet-bearing water hemlock,6
Circaea,enchanter's nightshades,2
Circaea canadensis,broadleaf enchanter's nightshade,6
Cirsium,thistles,3
Cirsium arvense,creeping thistle,6
Cirsium vulgare,bull thistle,6
Cladium mariscoides,smooth saw-sedge,2
Cladrastis kentukea,yellow-wood,1
Claytonia caroliniana,Carolina spring-beauty,2
Clematis,Clematis,1
Clematis virginiana,virgin's-bower,7
Climacium,,2
Clinopodium acinos,basil-thyme,7
Clinopodium vulgare,Wild Basil,7
Clintonia borealis,bluebead lily,7
Comandra umbellata,bastard toadflax,7
Comarum palustre,marsh cinquefoil,5
Comptonia peregrina,sweetfern,7
Convallaria,lilies of the valley,1
Convallaria majalis,European lily of the valley,1
Convolvulaceae,bindweed family,2
Convolvulus arvensis,field bindweed,3
Coptis trifolia,threeleaf goldthread,1
Cornus,dogwoods,13
Cornus alternifolia,alternate-leaved dogwood,7
Cornus amomum,silky dogwood,4
Cornus canadensis,Canadian bunchberry,4
Cornus racemosa,gray dogwood,2
Cornus rugosa,Round-leaved Dogwood,2
Cornus sericea,red osier dogwood,24
Corylus cornuta,beaked hazelnut,8
Cosmos bipinnatus,garden cosmos,1
Crataegus,hawthorns,15
Crataegus crus-galli,cockspur hawthorn,1
Crataegus douglasii,Black Hawthorn,1
Crataegus monogyna,common hawthorn,1
Cucurbita,gourds,1
Cuscuta campestris,Field Dodder,1
Cynoglossum officinale,hound's-tongue,3
Cyperus bipartitus,Shining Flatsedge,1
Cypripedium acaule,pink lady's slipper,3
Cypripedium parviflorum,yellow lady's slipper,7
Cypripedium parviflorum makasin,northern small yellow lady's slipper,1
Cypripedium reginae,showy lady's slipper,7
Cystopteris,fragile ferns,1
Cystopteris bulbifera,bulblet fern,3
Dactylis glomerata,cock's-foot,3
Danthonia spicata,Poverty oatgrass,3
Dasiphora fruticosa,shrubby cinquefoil,10
Daucus,carrots,3
Daucus carota,wild carrot,12
Decodon verticillatus,swamp loosestrife,2
Dendrolycopodium dendroideum,prickly tree-clubmoss,1
Dendrolycopodium hickeyi,Hickey's tree-clubmoss,2
Deschampsia cespitosa,tufted hair grass,4
Desmodieae,,1
Desmodium canadense,showy tick-trefoil,2
Dianthus armeria,deptford pink,4
Diervilla lonicera,northern bush honeysuckle,11
Digitalis ferruginea,Rusty Foxglove,1
Diphasiastrum digitatum,fan clubmoss,1
Dirca palustris,eastern leatherwood,1
Doellingeria umbellata,flat-top white aster,9
Dracocephalum parviflorum,American dragonhead,1
Drosera,Sundews,1
Drosera intermedia,spoonleaf sundew,3
Drosera rotundifolia,round-leaved sundew,11
Drymocallis arguta,Tall Cinquefoil,10
Dryopteris,wood ferns,7
Dryopteris carthusiana,spinulose wood fern,4
Dryopteris cristata,crested wood fern,4
Dryopteris intermedia,intermediate wood fern,3
Dryopteris marginalis,marginal wood fern,5
Dulichium arundinaceum,Three-way Sedge,5
Echinacea purpurea,purple coneflower,2
Echinochloa,Barnyard Grasses,1
Echinochloa crus-galli,barnyardgrass,1
Echinochloa muricata,rough cockspur,1
Echinocystis,,1
Echinocystis lobata,wild cucumber,9
Echium,Viper's-buglosses,1
Echium vulgare,viper's-bugloss,27
Elaeagnus,,2
Elaeagnus umbellata,autumn olive,3
Eleocharis compressa,Flat-stem Spikerush,1
Eleocharis erythropoda,Bald Spikerush,1
Elodea canadensis,common waterweed,3
Elymus,wild ryes and wheat grasses,1
Elymus canadensis,Canada wild rye,2
Elymus repens,Quack Grass,1
Epigaea repens,trailing arbutus,2
Epilobium ciliatum,fringed willowherb,4
Epilobium hirsutum,Great Willowherb,3
Epilobium leptophyllum,Linear-leaf Willowherb,3
Epipactis helleborine,broad-leaved helleborine,7
Equisetum,horsetails,6
Equisetum arvense,field horsetail,10
Equisetum fluviatile,water horsetail,2
Equisetum hyemale,rough horsetail,4
Equisetum pratense,shady horsetail,1
Equisetum scirpoides,dwarf horsetail,4
Equisetum sylvaticum,wood horsetail,4
Equisetum variegatum,variegated horsetail,2
Eranthis hyemalis,Winter Aconite,1
Erigeron,Fleabanes and Horseweeds,13
Erigeron annuus,annual fleabane,3
Erigeron canadensis,horseweed,1
Erigeron philadelphicus,Philadelphia fleabane,5
Erigeron strigosus,daisy fleabane,6
Eriocaulon aquaticum,Common Pipewort,1
Eriophorum,Cottongrass,1
Eriophorum vaginatum,tussock cottongrass,1
Eriophorum virginicum,tawny cotton-grass,3
Erysimum cheiranthoides,wormseed wallflower,1
Erythronium americanum,yellow trout lily,7
Eupatorium perfoliatum,common boneset,5
Euphorbia cyparissias,cypress spurge,3
Euphorbia virgata,leafy spurge,1
Eurybia,wood asters,3
Eurybia macrophylla,large-leaved aster,11
Euthamia graminifolia,flat-topped goldenrod,6
Eutrochium,Joe-Pye weeds,6
Eutrochium maculatum,spotted Joe-Pye weed,10
Eutrochium purpureum,Sweet Joe-Pye-weed,2
Fabaceae,legumes,3
Faboideae,,1
Fagus grandifolia,American beech,9
Fallopia cilinodis,Fringed Bindweed,1
Festuca subverticillata,Nodding Fescue,1
Filipendula vulgaris,Dropwort,1
Forsythia,,1
Fragaria vesca,Wild strawberry,3
Fragaria virginiana,Virginia strawberry,16
Fraxinus,ashes,5
Fraxinus americana,white ash,13
Fraxinus nigra,black ash,7
Fraxinus pennsylvanica,green ash,8
Galanthus nivalis,common snowdrop,2
Galeopsis,Hempnettle,1
Galium,bedstraws,10
Galium labradoricum,Bog Bedstraw,1
Galium mollugo,Hedge Bedstraw,1
Galium palustre,Common Marsh-bedstraw,3
Galium tinctorium,Stiff Marsh Bedstraw,1
Galium trifidum,three-petal bedstraw,1
Galium triflorum,fragrant bedstraw,3
Gaultheria hispidula,Creeping Snowberry,1
Gaultheria procumbens,Eastern Teaberry,5
Gaylussacia,huckleberries,1
Gaylussacia baccata,black huckleberry,8
Gentiana,Gentians,1
Gentianopsis,fringed gentians,1
Gentianopsis crinita,greater fringed gentian,4
Geranium,geraniums and cranesbills,2
Geranium bicknellii,Northern Cranesbill,6
Geranium carolinianum,Carolina crane's-bill,3
Geranium dissectum,Cut-leaved crane's-bill,1
Geranium pusillum,Small-flowered Crane's-bill,1
Geranium robertianum,herb Robert,8
Geranium sanguineum,Bloody Crane's-bill,1
Geum,avens,2
Geum canadense,white avens,2
Geum fragarioides,barren strawberry,11
Geum rivale,Water Avens,1
Geum triflorum,prairie smoke,58
Geum urbanum,Wood Avens,1
Glechoma hederacea,ground-ivy,4
Gleditsia triacanthos,honey locust,2
Glyceria canadensis,rattlesnake mannagrass,3
Gnaphalium uliginosum,marsh cudweed,1
Goodyera pubescens,downy rattlesnake plantain,1
Grossulariaceae,Gooseberry Family,2
Gymnocarpium dryopteris,northern oak fern,8
Hedwigia ciliata,Hedwig's fringeleaf moss,2
Helenium,sneezeweeds,1
Heliantheae,sunflowers and allies,2
Helianthus,sunflowers,2
Helianthus annuus,common sunflower,1
Helminthotheca echioides,bristly oxtongue,1
Hemerocallis fulva,orange day-lily,2
Hepatica,hepaticas,1
Hepatica acutiloba,sharp-lobed hepatica,10
Hepatica americana,round-lobed hepatica,5
Heptacodium miconioides,Seven Sons Tree,1
Heracleum,hogweeds,1
Heracleum maximum,common cowparsnip,1
Hesperis matronalis,dame's rocket,2
Hieraciinae,,1
Hieracium lachenalii,common hawkweed,1
Hieracium umbellatum,Canada Hawkweed,1
Hordeum jubatum,squirreltail,1
Hosta,hostas,1
Houstonia,flowering bluets,4
Houstonia caerulea,azure bluet,1
Houstonia canadensis,Longleaf Bluets,3
Houstonia longifolia,long-leaved bluets,9
Humulus,Hops,1
Hydrangea arborescens,wild hydrangea,1
Hydrocharis,,1
Hydrocharis morsus-ranae,European Frog-bit,7
Hydrophyllum canadense,Broad-leaf Waterleaf,1
Hydrophyllum virginianum,Virginia waterleaf,5
Hylodesmum glutinosum,pointed-leaved tick-trefoil,4
Hylotelephium telephium,Orpine,1
Hypericum,St. John's worts,5
Hypericum boreale,Northern St. John's-wort,1
Hypericum fraseri,Fraser's marsh St. John's-wort,5
Hypericum perforatum,common St. John's-wort,18
Hypericum virginicum,Virginia marsh St. John's-wort,3
Hypnales,,1
Ilex verticillata,winterberry holly,7
Impatiens,jewelweeds,1
Impatiens capensis,common jewelweed,13
Inula helenium,Elecampane,6
Iris,Irises,2
Iris pseudacorus,Yellow Iris,4
Iris versicolor,northern blue flag,21
Juglandaceae,walnut family,1
Juglans,Walnuts,2
Juglans ailantifolia,Japanese walnut,1
Juglans cinerea,Butternut,27
Juglans nigra,eastern black walnut,5
Juncus,rushes,1
Juncus articulatus,Jointed rush,1
Juncus canadensis,Canada Rush,1
Juncus compressus,Flattened Rush,2
Juncus tenuis,Slender Path Rush,1
Juniperus,junipers,1
Juniperus communis,common juniper,14
Juniperus communis depressa,American common juniper,7
Juniperus virginiana,eastern redcedar,6
Kalmia angustifolia,sheep laurel,5
Lactuca,lettuces,1
Lactuca serriola,prickly lettuce,4
Laportea canadensis,Canadian wood nettle,1
Larix decidua,European larch,4
Larix laricina,tamarack,8
Lathyrus,sweet peas and vetchlings,2
Lathyrus latifolius,broad-leaved sweet pea,2
Lathyrus palustris,marsh pea,1
Lechea intermedia,narrowleaf pinweed,1
Lemna,Duckweeds,1
Lemna minor,common duckweed,2
Leonurus cardiaca,common motherwort,8
Lepidium,peppergrasses,1
Lepidium campestre,field peppergrass,2
Lepidium densiflorum,Common Peppergrass,1
Lepidium nitidum,Shining Pepperweed,1
Lespedeza capitata,round-headed bush clover,2
Leucanthemum,,1
Leucanthemum vulgare,oxeye daisy,13
Leucobryum glaucum,pincushion moss,1
Liliopsida,monocots,3
Lilium philadelphicum,Wood Lily,4
Linaria vulgaris,common toadflax,16
Linnaea borealis,twinflower,4
Liquidambar styraciflua,American sweetgum,1
Liriodendron tulipifera,tulip tree,1
Lithospermeae,,1
Lithospermum officinale,Common Gromwell,1
Lobatae,red oaks,2
Lobelia cardinalis,cardinal flower,4
Lobelia inflata,Indian tobacco,5
Lobelia kalmii,Kalm's Lobelia,4
Lobelia siphilitica,great blue lobelia,6
Lobelia spicata,pale-spiked lobelia,1
Lonicera,honeysuckles,22
Lonicera × bella,Bell's Honeysuckle,4
Lonicera canadensis,American fly-honeysuckle,5
Lonicera dioica,Glaucous Honeysuckle,9
Lonicera morrowii,Morrow's honeysuckle,2
Lonicera oblongifolia,swamp fly honeysuckle,5
Lonicera sempervirens,coral honeysuckle,1
Lonicera tatarica,Tatarian honeysuckle,10
Lonicera xylosteum,Fly Honeysuckle,1
Lotus,bird's-foot-trefoils,3
Lotus corniculatus,bird's-foot trefoil,12
Lupinus,lupines,1
Lycopodiaceae,clubmosses,1
Lycopodium clavatum,stag's-horn clubmoss,2
Lycopus,water horehounds,3
Lycopus americanus,American bugleweed,1
Lycopus europaeus,Gypsywort,2
Lycopus uniflorus,northern bugleweed,7
Lysimachia,Loosestrifes,2
Lysimachia borealis,starflower,6
Lysimachia ciliata,fringed loosestrife,6
Lysimachia nummularia,creeping Jenny,3
Lysimachia punctata,Dotted Loosestrife,1
Lysimachia terrestris,swamp candles,8
Lysimachia thyrsiflora,Tufted Loosestrife,5
Lythrum,lythrums,1
Lythrum salicaria,purple loosestrife,16
Magnolia acuminata,Cucumber-tree,1
Magnoliopsida,dicots,12
Maianthemum canadense,Canada mayflower,12
Maianthemum racemosum,false Solomon's seal,7
Maianthemum stellatum,star-flowered lily-of-the-valley,17
Maianthemum trifolium,three-leaved false Solomon’s seal,2
Maleae,,1
Malus,apples,1
Malus fusca,Pacific Crab Apple,1
Malus pumila,apple,2
Marchantia polymorpha,common liverwort,2
Marrubium vulgare,white horehound,1
Matricaria discoidea,pineapple-weed,1
Matteuccia struthiopteris,ostrich fern,5
Medeola virginiana,Indian Cucumber Root,2
Medicago lupulina,black medick,8
Medicago sativa,alfalfa,7
Melampyrum lineare,narrowleaf cow wheat,1
Melia azedarach,Chinaberry,1
Melilotus,melilots and sweetclovers,2
Melilotus albus,white sweetclover,9
Melilotus officinalis,yellow sweetclover,3
Mentha,mints,1
Mentha × piperita,Peppermint,1
Mentha arvensis,corn mint,1
Mentha canadensis,American cornmint,5
Mentha spicata,spearmint,2
Mentheae,,1
Menyanthes trifoliata,Bogbean,4
Micranthes virginiensis,Virginia saxifrage,18
Mimulus ringens,Allegheny monkeyflower,1
Minuartia,Sandwort,1
Mitchella repens,partridgeberry,13
Mitella nuda,naked bishop's cap,2
Monarda,beebalms and bergamots,2
Monarda fistulosa,wild bergamot,14
Monotropa uniflora,Indian pipe,2
Muhlenbergia glomerata,Marsh Muhly,2
Mycelis muralis,Wall Lettuce,2
Myosotis,Forget-me-nots,6
Myosotis scorpioides,water forget-me-not,3
Myosotis sylvatica,Wood Forget-me-not,1
Myrica gale,bog myrtle,6
Myriophyllum,Milfoils,4
Myriophyllum spicatum,Eurasian water-milfoil,2
Nabalus,rattlesnakeroots,1
Nabalus albus,white rattlesnakeroot,3
Nabalus altissimus,tall rattlesnakeroot,1
Najas,naiads,3
Narcissus,daffodils,1
Nasturtium officinale,watercress,2
Neckera pennata,shingle moss,2
Nepeta cataria,Catnip,2
Nuphar,yellow pond-lilies,4
Nuphar variegata,variegated pond-lily,9
Nymphaea,water-lilies,4
Nymphaea odorata,American white waterlily,12
Nymphaeales,water-lilies, fanworts, and allies,1
Odontites vernus,Red Bartsia,2
Oenothera,evening primroses, sundrops, and beeblossoms,2
Oenothera biennis,common evening-primrose,6
Oenothera parviflora,northern evening-primrose,2
Oenothera pilosella,meadow evening primrose,1
Onoclea sensibilis,sensitive fern,26
Origanum,,1
Origanum vulgare,Oregano,3
Orthilia secunda,one-sided wintergreen,2
Orthotrichaceae,,3
Oryzopsis asperifolia,White-grained Mountain-ricegrass,1
Osmorhiza,sweet cicely,1
Osmorhiza claytonii,hairy sweet cicely,2
Osmunda regalis,royal fern,6
Osmunda regalis spectabilis,American royal fern,3
Osmundastrum cinnamomeum,cinnamon fern,4
Ostrya virginiana,American hophornbeam,8
Othocallis siberica,Siberian squill,2
Ovales,Carex sect. Ovales,1
Oxalis,woodsorrels,1
Oxalis dillenii,slender yellow woodsorrel,1
Oxalis stricta,upright yellow woodsorrel,5
Packera,,1
Packera aurea,golden ragwort,1
Packera paupercula,balsam ragwort,14
Panicum,panicgrasses,1
Panicum capillare,witch grass,1
Papaver,poppies,1
Papaver rhoeas,common poppy,1
Parathelypteris noveboracensis,New York fern,1
Parnassia glauca,Fen Grass of Parnassus,4
Parthenocissus,,2
Parthenocissus heptaphylla,sevenleaf creeper,1
Parthenocissus inserta,thicket creeper,5
Parthenocissus quinquefolia,Virginia creeper,12
Pastinaca sativa,wild parsnip,2
Pelargonium × hortorum,garden geranium,1
Pellia,,1
Penstemon digitalis,foxglove beardtongue,4
Penstemon hirsutus,hairy beardtongue,25
Penstemon laxiflorus,nodding beardtongue,2
Persicaria,knotweeds, smartweeds, and waterpeppers,4
Persicaria amphibia,water smartweed,9
Persicaria hydropiperoides,swamp smartweed,4
Persicaria maculosa,spotted lady's thumb,2
Persicaria sagittata,arrow-leaved tearthumb,2
Phalaris arundinacea,reed canary grass,6
Phegopteris connectilis,long beech fern,1
Phlox subulata,moss phlox,1
Phragmites australis,common reed,4
Phragmites australis americanus,American common reed,2
Phragmites australis australis,European reed,4
Phryma leptostachya,American lopseed,1
Physalis longifolia subglabrata,Longleaf Ground-cherry,1
Physocarpus opulifolius,common ninebark,1
Physostegia virginiana,obedient plant,3
Picea,spruces,7
Picea abies,Norway spruce,4
Picea glauca,white spruce,10
Picea mariana,black spruce,5
Pilea pumila,Canada clearweed,1
Pilosella,Hawkweeds,4
Pilosella aurantiaca,orange hawkweed,10
Pilosella caespitosa,meadow hawkweed,10
Pilosella officinarum,mouse-eared hawkweed,2
Pilosella piloselloides,smooth hawkweed,2
Pinaceae,pine family,4
Pinales,conifers,1
Pinopsida,conifers,1
Pinus,pines,1
Pinus banksiana,Jack pine,2
Pinus nigra,black pine,1
Pinus resinosa,red pine,2
Pinus rigida,pitch pine,1
Pinus strobus,eastern white pine,27
Pinus sylvestris,Scots pine,10
Plagiomnium,,1
Plagiomnium cuspidatum,Woodsy Thyme-moss,1
Plantae,Plants,28
Plantago,plantain,5
Plantago lanceolata,ribwort plantain,2
Plantago major,greater plantain,1
Platanthera,,1
Platanthera aquilonis,north wind bog orchid,1
Platanthera dilatata,white bog-orchid,3
Platanthera huronensis,green bog orchid,4
Platanus,planes,1
Platanus occidentalis,American sycamore,1
Poa,Meadow-grasses,2
Poa pratensis,Smooth Meadow-grass,2
Poaceae,grasses,14
Poales,grasses, sedges, and allies,3
Podophyllum peltatum,mayapple,5
Pogonia ophioglossoides,Rose Pogonia,2
Polygala senega,Seneca snakeroot,3
Polygaloides paucifolia,fringed polygala,7
Polygonatum,Solomon's-seals,1
Polygonatum pubescens,hairy Solomon's-seal,2
Polygonoideae,,1
Polygonum aviculare,prostrate knotweed,1
Polypodiales,,6
Polypodiopsida,ferns,1
Polypodium virginianum,rock polypody,4
Polytrichum,haircap mosses,1
Polytrichum commune,common haircap moss,1
Polytrichum juniperinum,juniper haircap moss,1
Pontederia,,1
Pontederia cordata,pickerelweed,9
Populus,poplars, cottonwoods, and aspens,5
Populus alba,white poplar,2
Populus balsamifera,balsam poplar,8
Populus deltoides,eastern cottonwood,2
Populus grandidentata,bigtooth aspen,13
Populus tremuloides,trembling aspen,14
Portulaca,purslanes,1
Potamogeton,Pondweed,2
Potamogeton crispus,Crisp-leaved Pondweed,2
Potamogeton natans,floating-leaved pondweed,1
Potamogeton richardsonii,Richardson's pondweed,1
Potamogetonaceae,pondweed family,2
Potentilla,cinquefoils,10
Potentilla argentea,silverleaf cinquefoil,8
Potentilla norvegica,rough cinquefoil,3
Potentilla recta,sulphur cinquefoil,16
Potentilla simplex,common cinquefoil,1
Potentilleae,strawberries, cinquefoils, and allies,1
Primula elatior,Oxlip,1
Proserpinaca palustris,marsh mermaidweed,1
Prunella vulgaris,common selfheal,18
Prunus,plums, cherries, and allies,4
Prunus emarginata,Bitter cherry,3
Prunus nigra,Canada plum,6
Prunus pensylvanica,fire cherry,8
Prunus serotina,black cherry,7
Prunus virginiana,chokecherry,24
Pseudognaphalium,rabbit-tobaccos,1
Pteridium,brackens,1
Pteridium aquilinum,common bracken,15
Pyrola elliptica,shinleaf,1
Quercus,North American white oaks,3
Quercus alba,white oak,8
Quercus macrocarpa,bur oak,14
Quercus rubra,northern red oak,26
Ranunculaceae,buttercup family,3
Ranunculus,buttercups,4
Ranunculus acris,meadow buttercup,11
Ranunculus aquatilis,common water-crowfoot,1
Ranunculus fascicularis,Early Buttercup,9
Ranunculus recurvatus,Hooked buttercup,6
Ranunculus reptans,Creeping Spearwort,1
Ranunculus sceleratus,cursed crowfoot,2
Reynoutria japonica,Japanese knotweed,2
Rhamnaceae,buckthorn family,1
Rhamnus alnifolia,Alderleaf Buckthorn,3
Rhamnus cathartica,common buckthorn,28
Rheum rhabarbarum,Rhubarb,1
Rhexia virginica,Virginia meadow beauty,1
Rhododendron groenlandicum,Labrador tea,5
Rhus aromatica,fragrant sumac,16
Rhus typhina,staghorn sumac,25
Rhynchospora alba,White Beak-sedge,2
Rhytidiadelphus triquetrus,Big Shaggy-moss,2
Ribes,currants,2
Ribes americanum,American Black Currant,2
Ribes cynosbati,prickly gooseberry,4
Robinia pseudoacacia,black locust,9
Rosa,roses,6
Rosa acicularis,Prickly Wild Rose,2
Rosa blanda,smooth rose,4
Rosa palustris,swamp rose,2
Rosa rugosa,rugosa rose,2
Rosaceae,rose family,1
Rosales,roses, elms, figs, and allies,2
Rosoideae,,3
Rubus,brambles,13
Rubus allegheniensis,American blackberry,11
Rubus flagellaris,Common Dewberry,3
Rubus hispidus,swamp dewberry,1
Rubus idaeus,European raspberry,6
Rubus idaeus melanolasius,,1
Rubus occidentalis,black raspberry,5
Rubus odoratus,purple-flowered raspberry,7
Rubus pubescens,dwarf raspberry,3
Rudbeckia,Rudbeckia sect. Rudbeckia,2
Rudbeckia hirta,black-eyed Susan,9
Rudbeckia laciniata,cutleaf coneflower,3
Rudbeckia triloba,Brown-eyed Susan,1
Rumex acetosella,Sheep's sorrel,2
Rumex britannica,Greater Water Dock,1
Rumex crispus,curled dock,9
Rumex sanguineus,Wood Dock,1
Rumex verticillatus,Swamp Dock,3
Sabulina michauxii,rock sandwort,5
Sagittaria,Arrowheads,3
Sagittaria latifolia,broadleaf arrowhead,5
Salicaceae,willow family,2
Salix,willows,15
Salix × sepulcralis,Weeping Willow,1
Salix alba,white willow,1
Salix bebbiana,bebb's willow,3
Salix discolor,pussy willow,10
Salix eriocephala,Heart-leaved Willow,1
Salix interior,interior sandbar willow,1
Salix nigra,black willow,1
Salix petiolaris,Meadow Willow,1
Sambucus,elders,4
Sambucus canadensis,American black elderberry,4
Sambucus racemosa,red-berried elder,3
Sanguinaria canadensis,bloodroot,12
Sanicula,sanicle,3
Sanicula canadensis,Black Snakeroot,1
Sanicula marilandica,Maryland Black-snakeroot,2
Saponaria,,1
Saponaria officinalis,common soapwort,6
Sarracenia purpurea,purple pitcher plant,10
Scandiceae,,1
Sceptridium dissectum obliquum,bronze fern,1
Sceptridium multifidum,leathery grapefern,1
Schizachyrium scoparium,little bluestem,4
Schoenoplectus tabernaemontani,soft-stemmed bulrush,1
Scilla luciliae,Boissier's Glory-of-the-snow,1
Scirpus,club-rushes and bulrushes,3
Scirpus atrovirens,dark green bulrush,4
Scirpus cyperinus,woolgrass,1
Scirpus pendulus,nodding bulrush,3
Scorzoneroides autumnalis,Autumn Hawkbit,1
Scutellaria galericulata,Marsh Skullcap,3
Scutellaria lateriflora,side-flowering skullcap,3
Scutellaria parvula,small skullcap,2
Securigera varia,purple crownvetch,9
Sedum acre,Biting Stonecrop,4
Selaginella rupestris,rock spikemoss,1
Senecioneae,groundsels and allies,1
Setaria,foxtails and bristlegrasses,1
Setaria pumila,yellow foxtail,1
Setaria viridis,Green Bristle Grass,2
Shepherdia canadensis,Canadian buffalo-berry,1
Silene,Catchflies,4
Silene antirrhina,sleepy catchfly,1
Silene latifolia,white campion,4
Silene noctiflora,Night-flowering Catchfly,1
Silene vulgaris,bladder campion,12
Sisymbrium,,1
Sisyrinchium,blue-eyed grasses,1
Sisyrinchium montanum,strict blue-eyed grass,5
Sium,water parsnips,1
Sium suave,water parsnip,2
Smilax herbacea,smooth carrionflower,3
Smilax tamnoides,bristly greenbrier,1
Solanum,nightshades,2
Solanum dulcamara,bittersweet nightshade,15
Solanum ptychanthum,eastern black nightshade,3
Solidago,goldenrods,18
Solidago altissima,tall goldenrod,2
Solidago canadensis,Canada goldenrod,11
Solidago flexicaulis,broad-leaved goldenrod,4
Solidago gigantea,giant goldenrod,2
Solidago juncea,early goldenrod,4
Solidago nemoralis,field goldenrod,7
Solidago nemoralis nemoralis,Gray Goldenrod,1
Solidago ptarmicoides,white flat-topped goldenrod,4
Solidago rugosa,common wrinkle-leaved goldenrod,3
Solidago squarrosa,squarrose goldenrod,1
Solidago uliginosa,bog goldenrod,4
Solidago virgaurea,European goldenrod,1
Sonchus,sow thistles,1
Sonchus arvensis,Perennial Sow Thistle,2
Sonchus arvensis ss,Field Sowthistle,1
Sonchus asper,prickly sowthistle,1
Sorbaria,,1
Sorbaria sorbifolia,Sorbaria,1
Sorbus,Rowans, Service-trees, and Whitebeams,3
Sorbus americana,American mountain ash,1
Sorbus aucuparia,rowan,4
Sorbus decora,showy mountain-ash,1
Sorghastrum nutans,Indiangrass,1
Sparganium,bur-reeds,3
Sparganium americanum,American bur-reed,3
Sparganium emersum,unbranched bur-reed,1
Sparganium eurycarpum,big bur-reed,3
Sphagnum,Sphagnum mosses,3
Sphagnum magellanicum,Magellan's Peatmoss,1
Sphagnum squarrosum,Crome Sphagnum,1
Spinulum annotinum,interrupted clubmoss,1
Spiraea,meadowsweet,2
Spiraea alba,white meadowsweet,13
Spiraea alba alba,Narrowleaf White Meadowsweet,1
Spiraea douglasii,rose spiraea,1
Spiraea tomentosa,Steeplebush,5
Spiranthes cernua,nodding ladies' tresses,3
Spiranthes magnicamporum,Great Plains Ladies' Tresses,1
Spiranthes romanzoffiana,Hooded Ladies' Tresses,2
Spirodela polyrhiza,greater duckweed,2
Sporobolus neglectus,Small Dropseed,1
Stellaria graminea,lesser stitchwort,3
Streptopus lanceolatus,rose twisted-stalk,1
Stuckenia pectinata,Fennel-leaf Pondweed,1
Symphoricarpos albus,Common Snowberry,4
Symphyotrichum,American asters,17
Symphyotrichum × amethystinum,Amethyst Aster,1
Symphyotrichum boreale,northern bog aster,3
Symphyotrichum ciliolatum,Lindley's Aster,5
Symphyotrichum cordifolium,Common Blue Wood Aster,4
Symphyotrichum dumosum,Bushy Aster,1
Symphyotrichum ericoides,white heath aster,4
Symphyotrichum firmum,shining aster,1
Symphyotrichum laeve,smooth blue aster,4
Symphyotrichum lanceolatum,panicled aster,4
Symphyotrichum lateriflorum,calico aster,9
Symphyotrichum novae-angliae,New England aster,18
Symphyotrichum puniceum,swamp aster,5
Symphyotrichum urophyllum,Arrow-leaved Aster,2
Symphytum officinale,common comfrey,2
Syntrichia ruralis,star moss,3
Syringa vulgaris,common lilac,6
Taraxacum,dandelions,2
Taraxacum officinale,common dandelion,7
Taraxacum palustre,Fen Dandelion,2
Taxus,yews,1
Taxus canadensis,Canadian yew,2
Thalictrum,meadow-rues,6
Thalictrum dioicum,early meadow-rue,5
Thalictrum pubescens,tall meadow-rue,4
Thelypteris palustris,marsh fern,9
Thuja occidentalis,northern whitecedar,19
Thymus serpyllum,wild thyme,1
Tiarella cordifolia,heartleaf foamflower,2
Tilia,Lindens, Basswoods, and Lime Trees,4
Tilia americana,basswood,22
Tilia cordata,Small-leaved Lime,3
Tortella,,1
Toxicodendron,poison ivies and oaks,4
Toxicodendron radicans,poison ivy,5
Toxicodendron rydbergii,western poison ivy,15
Tracheophyta,vascular plants,4
Tragopogon,Salsifies,1
Tragopogon dubius,yellow salsify,11
Tragopogon pratensis,meadow salsify,5
Trichostema brachiatum,False Pennyroyal,4
Trifolieae,,1
Trifolium,clovers,1
Trifolium aureum,large hop clover,1
Trifolium pratense,red clover,14
Trifolium repens,white clover,8
Triglochin maritima,common arrowgrass,1
Triglochin palustris,marsh arrowgrass,2
Trillium,trilliums,1
Trillium cernuum,nodding trillium,1
Trillium erectum,red trillium,8
Trillium grandiflorum,large white trillium,19
Triosteum aurantiacum,Orange-fruited Horse Gentian,1
Triticum aestivum,Bread Wheat,1
Tsuga canadensis,eastern hemlock,5
Turritis glabra,Tower Mustard,8
Tussilago farfara,colt's-foot,8
Typha,bulrushes and cattails,8
Typha angustifolia,narrow-leaved cattail,2
Typha latifolia,broadleaf cattail,5
Typhaceae,bulrushes, cattails, and allies,1
Ulmus,elms,4
Ulmus americana,American elm,7
Ulmus glabra camperdownii,Camperdown elm,1
Ulmus rubra,slippery elm,3
Ulmus thomasii,rock elm,1
Urtica dioica,stinging nettle,2
Utricularia,Bladderworts,1
Utricularia cornuta,Horned Bladderwort,1
Utricularia gibba,humped bladderwort,2
Utricularia intermedia,intermediate bladderwort,3
Utricularia macrorhiza,common bladderwort,2
Uvularia grandiflora,largeflower bellwort,4
Vaccinium,blueberries, cranberries, and allies,1
Vaccinium angustifolium,lowbush blueberry,9
Vaccinium macrocarpon,American Cranberry,3
Vaccinium myrtilloides,velvetleaf blueberry,1
Vaccinium oxycoccos,bog cranberry,2
Valeriana officinalis,common valerian,1
Vallisneria americana,Eel-grass,4
Verbascum,mulleins,4
Verbascum lychnitis,White Mullein,1
Verbascum thapsus,great mullein,23
Verbena,Vervain,2
Verbena hastata,blue vervain,6
Verbena simplex,Narrowleaf Vervain,4
Verbena stricta,hoary vervain,1
Veronica chamaedrys,Germander Speedwell,1
Veronica officinalis,heath speedwell,2
Veronica peregrina,Purslane Speedwell,1
Veronica scutellata,Marsh Speedwell,2
Veronica serpyllifolia,thyme-leaved speedwell,1
Vesicariae,Carex sect. Vesicariae,1
Viburnum,viburnums,7
Viburnum acerifolium,mapleleaf viburnum,4
Viburnum lantana,Wayfaring-tree,3
Viburnum lantanoides,hobblebush,8
Viburnum lentago,nannyberry,8
Viburnum nudum,wild raisin,3
Viburnum nudum cassinoides,Northern Wild Raisin,5
Viburnum opulus,guelder-rose,9
Viburnum opulus opulus,Guelder-rose,2
Viburnum rafinesquianum,downy arrowwood,11
Vicia,Vetches,7
Vicia cracca,tufted vetch,19
Vicia villosa,hairy vetch,1
Vinca minor,lesser periwinkle,1
Vincetoxicum,,4
Vincetoxicum nigrum,Black Swallow-wort,1
Vincetoxicum rossicum,European swallow-wort,14
Viola,violets,4
Viola adunca,hookedspur violet,2
Viola canadensis,Canada violet,3
Viola lanceolata,white bog violet,3
Viola nephrophylla,northern bog violet,2
Viola pubescens,downy yellow violet,5
Viola renifolia,kidneyleaf white violet,1
Viola riviniana,common dog-violet,1
Viola sagittata,arrowleaf violet,2
Viola sororia,common blue violet,2
Vitaceae,grape family,1
Vitis,grapevines,9
Vitis riparia,riverbank grape,17
Woodsia ilvensis,rusty woodsia,1
Zizania palustris,northern wild rice,1
